Scenario,Model,Accuracy,Precision,Recall,F1-Score
Direct Modeling,Logistic Regression,0.836,0.2894736842105263,0.0478260869565217,0.0820895522388059
Direct Modeling,Random Forest,0.8466666666666667,0.5,0.008695652173913,0.017094017094017
Direct Modeling,Voting Classifier,0.8423333333333334,0.46524064171123,0.1891304347826087,0.2689335394126739
Preprocessing,Logistic Regression,0.846,0.4930555555555556,0.15434782608695652,0.23509933774834438
Preprocessing,Random Forest,0.8443333333333334,0.48066298342541436,0.1891304347826087,0.2714508580343214
Preprocessing,Voting Classifier,0.8473333333333334,0.5053763440860215,0.20434782608695654,0.29102167182662536
